{
	"credit": "Made with Blockbench",
	"textures": {
		"0": "minecraft:tutorial/king_sword_hand",
		"1": "minecraft:tutorial/king_sword_guard",
		"2": "minecraft:tutorial/king_sword_1",
		"3": "minecraft:tutorial/king_sword_2",
		"4": "minecraft:tutorial/king_sword_3",
		"5": "minecraft:tutorial/king_sword_4",
		"6": "minecraft:tutorial/king_sword_5",
		"particle": "minecraft:tutorial/king_sword_hand"
	},
	"elements": [
		{
			"from": [6, 0, 5],
			"to": [9, 4, 7],
			"rotation": {"angle": 0, "axis": "y", "origin": [6, 0, 6]},
			"faces": {
				"north": {"uv": [0, 0, 3, 4], "texture": "#0"},
				"east": {"uv": [0, 4, 2, 8], "texture": "#0"},
				"south": {"uv": [3, 0, 6, 4], "texture": "#0"},
				"west": {"uv": [2, 4, 4, 8], "texture": "#0"},
				"up": {"uv": [7, 6, 4, 4], "texture": "#0"},
				"down": {"uv": [9, 0, 6, 2], "texture": "#0"}
			}
		},
		{
			"from": [6, 5, 5],
			"to": [9, 14, 7],
			"rotation": {"angle": 0, "axis": "y", "origin": [5, 5, 6]},
			"faces": {
				"north": {"uv": [0, 0, 3, 9], "texture": "#2"},
				"east": {"uv": [6, 0, 8, 9], "texture": "#2"},
				"south": {"uv": [3, 0, 6, 9], "texture": "#2"},
				"west": {"uv": [8, 0, 10, 9], "texture": "#2"},
				"up": {"uv": [3, 11, 0, 9], "texture": "#2"},
				"down": {"uv": [6, 9, 3, 11], "texture": "#2"}
			}
		},
		{
			"from": [3, 4, 4],
			"to": [12, 5, 8],
			"rotation": {"angle": 0, "axis": "y", "origin": [6, 4, 6]},
			"faces": {
				"north": {"uv": [0, 8, 9, 9], "texture": "#1"},
				"east": {"uv": [9, 0, 13, 1], "texture": "#1"},
				"south": {"uv": [0, 9, 9, 10], "texture": "#1"},
				"west": {"uv": [9, 1, 13, 2], "texture": "#1"},
				"up": {"uv": [9, 4, 0, 0], "texture": "#1"},
				"down": {"uv": [9, 4, 0, 8], "texture": "#1"}
			}
		},
		{
			"from": [7, 5, 4],
			"to": [8, 12, 5],
			"rotation": {"angle": 0, "axis": "y", "origin": [6, 5, 3]},
			"faces": {
				"north": {"uv": [0, 0, 1, 7], "texture": "#5"},
				"east": {"uv": [1, 0, 2, 7], "texture": "#5"},
				"south": {"uv": [2, 0, 3, 7], "texture": "#5"},
				"west": {"uv": [3, 0, 4, 7], "texture": "#5"},
				"up": {"uv": [5, 1, 4, 0], "texture": "#5"},
				"down": {"uv": [5, 1, 4, 2], "texture": "#5"}
			}
		},
		{
			"from": [9, 5, 5.5],
			"to": [10, 12, 6.5],
			"rotation": {"angle": 0, "axis": "y", "origin": [10, 8.5, 6]},
			"faces": {
				"north": {"uv": [0, 0, 1, 7], "texture": "#6"},
				"east": {"uv": [1, 0, 2, 7], "texture": "#6"},
				"south": {"uv": [2, 0, 3, 7], "texture": "#6"},
				"west": {"uv": [3, 0, 4, 7], "texture": "#6"},
				"up": {"uv": [5, 1, 4, 0], "texture": "#6"},
				"down": {"uv": [5, 1, 4, 2], "texture": "#6"}
			}
		},
		{
			"from": [7, 5, 7],
			"to": [8, 12, 8],
			"rotation": {"angle": 0, "axis": "y", "origin": [6, 5, 6]},
			"faces": {
				"north": {"uv": [0, 0, 1, 7], "texture": "#3"},
				"east": {"uv": [1, 0, 2, 7], "texture": "#3"},
				"south": {"uv": [2, 0, 3, 7], "texture": "#3"},
				"west": {"uv": [3, 0, 4, 7], "texture": "#3"},
				"up": {"uv": [5, 1, 4, 0], "texture": "#3"},
				"down": {"uv": [5, 1, 4, 2], "texture": "#3"}
			}
		},
		{
			"from": [5, 5, 5.5],
			"to": [6, 12, 6.5],
			"rotation": {"angle": 0, "axis": "y", "origin": [4, 5, 4.5]},
			"faces": {
				"north": {"uv": [0, 0, 1, 7], "texture": "#4"},
				"east": {"uv": [1, 0, 2, 7], "texture": "#4"},
				"south": {"uv": [2, 0, 3, 7], "texture": "#4"},
				"west": {"uv": [3, 0, 4, 7], "texture": "#4"},
				"up": {"uv": [5, 1, 4, 0], "texture": "#4"},
				"down": {"uv": [5, 1, 4, 2], "texture": "#4"}
			}
		},
		{
			"from": [6.5, 14, 5.5],
			"to": [8.5, 16, 6.5],
			"rotation": {"angle": 0, "axis": "y", "origin": [6.5, 14, 5.5]},
			"faces": {
				"north": {"uv": [0, 0, 2, 2], "texture": "#3"},
				"east": {"uv": [0, 0, 1, 2], "texture": "#3"},
				"south": {"uv": [0, 0, 2, 2], "texture": "#3"},
				"west": {"uv": [0, 0, 1, 2], "texture": "#3"},
				"up": {"uv": [0, 0, 2, 1], "texture": "#3"},
				"down": {"uv": [0, 0, 2, 1], "texture": "#3"}
			}
		}
	],
	"display": {
		"thirdperson_righthand": {
			"rotation": [1, -90, -4],
			"translation": [-2, 7.25, 1.75],
			"scale": [1, 1.41406, 1]
		},
		"thirdperson_lefthand": {
			"translation": [-2.25, 2, 0]
		},
		"firstperson_righthand": {
			"translation": [0, 3.25, 0]
		},
		"ground": {
			"rotation": [-90, 0, 0]
		},
		"gui": {
			"rotation": [0, 0, -31]
		},
		"fixed": {
			"rotation": [0, 0, -42]
		}
	}
}